Version Info,Count
FileVersion: 1.0.0.1,252
ProductVersion: 1.0.0.1,252
InternalName: fgghfghjfghj.exe,124
InternalName: egahfghjfghj.exe,75
"LegalCopyright: Copyright (C) 2017, lkmdnbln",69
"LegalCopyright: Copyright (C) 2017, dlfnggfb",52
"LegalCopyright: Copyright (C) 2017, kohichpoxi",45
InternalName: egghfghjfghj.exe,45
"LegalCopyright: Copyright (C) 2017, johochpoxx",44
"LegalCopyright: Copyright (C) 2017, kohochpoxi",31
InternalName: agghfghjfghj.exe,8
"LegalCopyright: Copyright (C) 2017, alsaggfb",8
FileVersion: 11.0.0.1,7
ProductVersion: 11.0.0.1,7
"LegalCopyright: Copyright (C) 2017, alsnggfb",3
"LegalCopyright: Copyright (C) 2017, fsrgvieg",2
"LegalCopyright: Copyright (C) 2017, vrtaibtbn",1
"LegalCopyright: Copyright (C) 2017, vcbcnfyj",1
"LegalCopyright: Copyright (C) 2017, vnbnetrirehergbeboebnebne",1
"LegalCopyright: Copyright (C) 2017, fvodijdtb",1
"LegalCopyright: Copyright (C) 2017, dfgndfln",1
